CODE,Unnamed: 0,ESTACION,LON,LAT,ALT,Codigo,Umbral1,Umbral2,min1,min2
X47E0D438,0.0,ALAMOR,-80.39788,-4.48047,116.0,47E0D438,9.3,10.2,0.0,0.0
X47E09732,1.0,LA ARDILLA,-80.39014,-4.48956,116.0,47E09732,3.1,16.9,0.0,0.0
X472606FA,2.0,AYABACA,-79.71077,-4.63776,2633.0,472606FA,5.6,11.5,0.0,0.0
X47E01126,3.0,CABO INGA H,-80.39898,-3.97972,143.0,47E01126,4.4,11.9,0.0,0.0
X472F00A6,4.0,CABO INGA M,-80.40182,-3.97594,228.0,472F00A6,5.0,15.8,0.0,0.0
X472EF2D8,5.0,CAMPAMENTO SEDE,-80.42964,-3.55117,12.0,472EF2D8,0.4,7.0,0.0,0.0
X472F86B2,6.0,CANCHAQUE,-79.60535,-5.40058,1270.0,472F86B2,2.8,14.7,0.0,0.0
X472F13D0,7.0,CA?AVERAL,-80.65058,-3.93911,144.0,472F13D0,1.4,6.8,0.0,0.0
X472FB328,8.0,CHALACO,-79.83,-5.03389,1791.0,472FB328,4.9,9.0,0.0,0.0
X47E0E1A2,9.0,CHIPILLICO,-80.11716,-4.71357,340.0,47E0E1A2,1.4,14.7,0.0,0.0
X472F6540,10.0,CHULUCANAS,-80.16954,-5.10844,89.0,472F6540,3.5,11.8,0.0,0.0
X47E037CA,11.0,CORRAL DEL MEDIO,-79.89136,-5.18858,207.0,,,,,
X4724B080,12.0,EL CIRUELO,-80.16707,-4.29909,243.0,4724B080,1.4,7.4,0.0,0.0
X47E9177A,13.0,EL CIRUELO ANA,-80.16704,-4.29905,243.0,47E9177A,2.2,11.2,0.0,0.0
X4724A3F6,14.0,EL TIGRE,-80.45689,-3.7687,44.0,4724A3F6,0.3,2.2,0.0,0.0
X472F50DA,15.0,EL VIRREY,-79.98416,-5.53579,206.0,472F50DA,2.5,22.3,0.0,0.0
X47E074C0,16.0,HACIENDA BARRIOS,-79.69924,-5.28985,324.0,47E074C0,1.8,8.9,0.0,0.0
X47E281B0,17.0,HUALCUY,-79.61317,-4.74767,1970.0,47E281B0,1.7,8.7,0.0,0.0
X472FE354,18.0,HUANCABAMBA,-79.45399,-5.24681,1954.0,472FE354,0.7,4.0,0.0,0.0
X472761E6,19.0,HUARMACA,-79.52542,-5.56599,2178.0,,,,,
X472F43AC,20.0,HUASIMO,-80.505,-3.99945,602.0,472F43AC,2.7,12.8,0.0,0.0
X47E0F2D4,21.0,LAGARTERA,-80.06956,-4.7285,420.0,,,,,
X472FD6CE,22.0,LANCONES,-80.54717,-4.64288,133.0,472FD6CE,1.2,9.2,0.0,0.0
X47E0C74E,23.0,PUENTE MACARA,-79.96412,-4.39338,385.0,47E0C74E,0.4,1.3,0.0,0.0
X472FA05E,24.0,MALACASI,-79.85794,-5.33977,153.0,472FA05E,4.7,16.3,0.0,0.0
X472F353C,25.0,MATAPALO,-80.19833,-3.68278,70.0,472F353C,3.0,12.5,0.0,0.0
X472F7636,26.0,MORROPON,-79.97107,-5.19465,128.0,472F7636,3.1,13.8,0.0,0.0
X472FC5B8,27.0,PAIMAS,-79.94584,-4.63439,609.0,472FC5B8,1.6,12.9,0.0,0.0
X47E0415A,28.0,PUENTE ?ACARA,-80.17296,-5.1128,91.0,,,,,
X4724C610,29.0,PUENTE ?ACARA ANA,-80.17145,-5.11137,89.0,,,,,
X47E0B1DE,30.0,PUENTE SIMON RODRIGUEZ,-81.02038,-4.87999,12.0,47E0B1DE,1.6,11.1,0.0,0.0
X47E024BC,31.0,PUENTE TUMBES,-80.4609,-3.5709,10.0,47E024BC,0.3,2.0,0.0,0.0
X472F264A,32.0,RICA PLAYA,-80.4575,-3.81333,113.0,472F264A,0.5,2.8,0.0,0.0
X472F95C4,33.0,SALITRAL,-79.83794,-5.34588,169.0,,,,,
X47E067B6,34.0,SALITRAL EHA,-79.83761,-5.34602,156.0,47E067B6,6.0,17.3,0.0,0.0
X47E08444,35.0,SAN PEDRO,-80.0162,-5.07954,240.0,,,,,
X472FF022,36.0,SAPILLICA,-79.99972,-4.79639,1406.0,472FF022,2.8,13.6,0.0,0.0
X47E0522C,37.0,TAMBO GRANDE,-80.34703,-4.93848,60.0,47E0522C,5.8,11.4,0.0,0.0
X47E3055E,38.0,CHANCAY BA?OS,-78.86721,-6.57489,1645.0,47E3055E,1.5,5.5,0.0,0.0
X4724D566,39.0,CIRATO,-79.07384167,-6.655825,959.0,4724D566,0.2,2.3,0.0,0.0
X472B607A,40.0,CORRAL QUEMADO,-78.69208,-5.75461,427.0,472B607A,2.0,11.1,0.0,0.0
X472B3006,41.0,CUMBA,-78.66413,-5.94135,449.0,472B3006,0.5,7.3,0.0,0.0
X47E94706,42.0,HUAMBOS,-78.96319,-6.45364,2263.0,47E94706,0.5,5.7,0.0,0.0
X4720A6CC,43.0,ISLA LOBOS DE AFUERA,-80.70028,-6.96694,330.0,,,,,
X47E35522,44.0,LA MUCHAL,-79.22389,-6.47906,1701.0,47E35522,2.5,13.8,0.0,0.0
X472B2370,45.0,MAGUNCHAL,-78.18667,-5.88667,675.0,472B2370,0.6,3.0,0.0,0.0
X47201542,46.0,MOTUPE,-79.68203,-6.06692,191.0,47201542,0.5,5.9,0.0,0.0
X220907,47.0,NARANJITO,-78.27598,-5.81968,500.0,220907,0.6,11.8,0.0,0.0
X4726F67E,48.0,OLMOS,-79.81911,-5.83714,120.0,4726F67E,0.4,5.4,0.0,0.0
X47E1E358,49.0,PUENTE AMBAN,-78.91262,-6.58271,1532.0,47E1E358,1.9,5.2,0.0,0.0
X472B55E0,50.0,PUENTE SALINAS AMOJAO,-78.4894,-5.45096,381.0,472B55E0,0.5,2.7,0.0,0.0
X47E1D6C2,51.0,PUENTE SAN CARLOS,-79.27136,-6.61515,334.0,47E1D6C2,0.6,4.6,0.0,0.0
X47E2F720,52.0,TINAJONES,-79.42792,-6.65489,181.0,47E2F720,4.1,18.2,0.0,0.0
X47E207A4,53.0,TONGOD,-78.81392,-6.74456,2488.0,47E207A4,3.9,10.3,0.0,0.0
X47E1F02E,54.0,TUNEL CHOTANO,-78.78432,-6.54049,2027.0,47E1F02E,0.5,4.0,0.0,0.0
X472501F4,55.0,BALSAS,-78.03025,-6.84461,871.0,,,,,
X472680EE,56.0,BAMBAMARCA GORE,-78.52363,-6.67996,2565.0,472680EE,0.7,3.0,0.0,0.0
X4726D092,57.0,BAMBAMARCA H GORE,-78.54119,-6.66975,2866.0,,,,,
X4729F0EC,58.0,CAJABAMBA GORE,-78.05111,-7.62167,2480.0,4729F0EC,1.0,33.5,0.0,0.0
X472D8346,59.0,CALLANCAS,-78.47729,-7.7675,1501.0,472D8346,1.4,3.9,0.0,0.0
X472EB1D2,60.0,CAPACHIQUE,-78.31184,-7.85642,2904.0,472EB1D2,5.0,8.7,0.0,0.0
X472D30C8,61.0,CASA GRANDE,-79.18869,-7.75031,145.0,472D30C8,0.0,0.4,0.0,0.0
X472C92CA,62.0,CASCABAMBA,-78.72682,-7.38407,3390.0,472C92CA,5.6,13.0,0.0,0.0
X472EA2A4,63.0,CASCAS,-78.82367,-7.47987,1251.0,472EA2A4,0.8,2.5,0.0,0.0
X4726631C,64.0,CELENDIN GORE,-78.14487,-6.85303,2602.0,4726631C,2.8,11.0,0.0,0.0
X4720C32A,65.0,CHIMBOTE,-78.52591,-9.15054,11.0,,,,,
X4726C3E4,66.0,CHOTA GORE,-78.67588,-6.55405,2255.0,4726C3E4,1.0,4.3,0.0,0.0
X4727F484,67.0,CHUGUR,-78.73333,-6.66667,2744.0,4727F484,4.2,12.4,0.0,0.0
X472D4658,68.0,COSPAN,-78.54106,-7.42856,2423.0,472D4658,4.3,8.4,0.0,0.0
X472A32FC,69.0,CRISNEJAS,-78.11317,-7.46335,1996.0,472A32FC,0.9,3.7,0.0,0.0
X4726A602,70.0,CUTERVO GORE,-78.81339,-6.37914,2616.0,4726A602,0.9,5.5,0.0,0.0
X47E0A2A8,71.0,EL TAMBO,-78.70694,-7.57417,700.0,47E0A2A8,0.6,2.6,0.0,0.0
X472C81BC,72.0,GUZMANGO,-78.9033,-7.38133,2464.0,472C81BC,4.0,11.7,0.0,0.0
X472A571A,73.0,HUALLAPE,-78.69759,-5.45077,409.0,472A571A,0.4,3.7,0.0,0.0
X47269398,74.0,JAEN GORE,-78.77418,-5.67667,618.0,47269398,0.2,4.1,0.0,0.0
X472D552E,75.0,LUCMA,-78.55135,-7.64333,2219.0,472D552E,1.3,5.0,0.0,0.0
X4720B5BA,76.0,MALABRIGO (SALAVERRY),-79.43425,-7.69287,4.0,,,,,
X472CC2B6,77.0,MARMOT,-78.66725,-7.7635,2925.0,472CC2B6,4.9,12.9,0.0,0.0
X4727319A,78.0,QUIRUVILCA,-78.3079,-8.00419,4047.0,4727319A,2.6,11.6,0.0,0.0
X4727470A,79.0,PUENTE CHILETE,-78.83801,-7.21976,848.0,4727470A,0.6,2.4,0.0,0.0
X472E74CC,80.0,PUENTE COINA,-78.38012,-7.79636,1812.0,472E74CC,2.7,5.2,0.0,0.0
X472E5220,81.0,PUENTE PALMIRA,-78.81051,-7.54919,647.0,472E5220,4.1,16.1,0.0,0.0
X472210B6,82.0,RIO GRANDE GORE,-78.52073,-7.09094,2906.0,,,,,
X47216128,83.0,RONQUILLO,-78.54914,-7.15855,3310.0,,,,,
X4726706A,84.0,SAN IGNACIO GORE,-78.99989,-5.14422,1258.0,,,,,
X4725E206,85.0,SAN MARCOS,-78.17275,-7.32254,2287.0,,,,,
X472645F0,86.0,UNC CAJAMARCA,-78.49307,-7.16747,2673.0,,,,,
X472D60B4,87.0,USQUIL,-78.41497,-7.8186,3123.0,472D60B4,5.5,12.7,0.0,0.0
X4726E508,88.0,YONAN GORE,-79.09909,-7.25592,454.0,4726E508,1.1,9.6,0.0,0.0
X472BF518,89.0,AGOCANCHA,-76.15944,-11.71053,4480.0,,,,,
X472BC082,90.0,ANDACANCHA,-76.46667,-11.16528,4620.0,,,,,
X47E9C112,91.0,ANTACOTO,-76.3625,-11.40778,4484.0,,,,,
X47E244AE,92.0,CALLANCA,-76.76952,-11.38887,2641.0,47E244AE,2.9,7.1,0.0,0.0
X47E323B2,93.0,CARAC,-76.77937,-11.19005,2646.0,47E323B2,1.4,2.8,0.0,0.0
X472364DC,94.0,CARANIA,-75.87215,-12.3444,3820.0,472364DC,2.1,4.0,0.0,0.0
X472D73C2,95.0,CASAPALCA,-76.23333,-11.63806,4233.0,472D73C2,3.1,5.3,0.0,0.0
X4725A10C,96.0,CHAVIN,-77.17529,-9.58598,3140.0,4725A10C,1.1,2.7,0.0,0.0
X47278214,97.0,CHOSICA,-76.68973,-11.92985,867.0,,,,,
X472BD3F4,98.0,COLLAC,-76.4705,-11.36111,4493.0,,,,,
X47E2323E,99.0,CUCHUANCA,-76.7881,-11.20158,2310.0,47E2323E,1.9,4.7,0.0,0.0
X472A218A,100.0,EMA-ANTONIO RAIMONDI,-77.15139,-11.77606,47.0,472A218A,0.0,0.1,0.0,0.0
X4725F170,101.0,HUAROS,-76.56667,-11.4,3585.0,4725F170,2.9,4.9,0.0,0.0
X472CE45A,102.0,MATUCANA,-76.37792,-11.83913,2417.0,472CE45A,1.5,5.4,0.0,0.0
X472D9030,103.0,MARCAPOMACOCHA,-76.32508,-11.40443,4447.0,472D9030,3.0,5.9,0.0,0.0
X47E8C3E8,104.0,MARCAPOMACOCHA EDEGEL,-76.33118,-11.40867,4482.6,,,,,
X472542FE,105.0,MILLOC EDEGEL,-76.35011,-11.57056,4377.0,,,,,
X47E9F488,106.0,OBRAJILLO,-76.62603,-11.45481,2750.0,,,,,
X47E89394,107.0,PACHACOTO,-77.40607,-9.85243,3723.0,47E89394,2.2,37.5,0.0,0.0
X47E31628,108.0,PALLAC EMA,-76.80799,-11.34875,2367.0,47E31628,3.0,5.7,0.0,0.0
X47E9E7FE,109.0,PATAHUAY SAPICANCHA,-76.38294,-11.342,4550.0,,,,,
X47E34654,110.0,PIRCA,-76.65514,-11.23284,3342.0,47E34654,3.9,8.0,0.0,0.0
X47E22148,111.0,PUENTE CALLANTAMA,-76.65701,-11.22343,2773.0,47E22148,1.9,4.0,0.0,0.0
X4721725E,112.0,PUENTE MAGDALENA,-76.83728,-11.6846,935.0,,,,,
X472BE66E,113.0,PUENTE SALIDA MARCAPOMACOCHA,-76.32006,-11.41256,4435.0,,,,,
X47259496,114.0,RECUAY,-77.45365,-9.72919,3431.0,,,,,
X472C07A8,115.0,SAN CRISTOBAL,-76.05328,-11.73986,4680.0,,,,,
X472EC742,116.0,SAN MATEO DE OTAO,-76.56359,-11.84696,3513.0,472EC742,3.3,7.0,0.0,0.0
X472E24B0,117.0,SANTA EULALIA,-76.66664,-11.92,970.0,472E24B0,0.1,0.3,0.0,0.0
X47E33064,118.0,SANTA CRUZ,-76.63487,-11.19827,3583.0,,,,,
X472CA750,119.0,SANTIAGO DE TUNA,-76.52415,-11.98311,2924.0,472CA750,1.7,4.7,0.0,0.0
X47E214D2,120.0,SANTO DOMINGO,-77.02833,-11.37,620.0,47E214D2,0.1,0.3,0.0,0.0
X4724966C,121.0,SAYAN,-77.19833,-11.13472,647.0,,,,,
X472CD1C0,122.0,SHEQUE,-76.5023,-11.66095,3188.0,,,,,
X472C2144,123.0,TOROCOCHA,-76.44328,-11.368,4410.0,,,,,
X47E257D8,124.0,VICHAYCOCHA,-76.62455,-11.13916,3533.0,47E257D8,1.9,22.8,0.0,0.0
X472A0766,125.0,VILLA MARIA DEL TRIUNFO,-76.92,-12.16639,292.0,,,,,
X472AC278,126.0,VON HUMBOLDT,-76.93931,-12.08221,247.0,472AC278,0.0,0.3,0.0,0.0
X4726B574,127.0,YURACMAYO EDEGEL,-76.15556,-11.84056,4320.0,,,,,
X472A446C,128.0,BETA SANTIAGO,-75.67022,-14.23739,386.0,472A446C,0.0,0.1,0.0,0.0
X472811E4,129.0,CHALLACA,-75.39056,-13.79194,1880.0,,,,,
X47284198,130.0,CHALLACA GORE,-75.40066,-13.78826,1712.0,47284198,0.4,1.8,0.0,0.0
X4728A26A,131.0,CONTA GORE,-75.97517,-13.43936,313.0,,,,,
X47262016,132.0,CORA CORA,-73.77917,-15.01139,3200.0,47262016,1.8,5.3,0.0,0.0
X4728C78C,133.0,CUSICANCHA GORE,-75.3,-13.48333,2680.0,,,,,
X47290068,134.0,HUAC-HUAS GORE,-74.94583,-14.12861,3080.0,,,,,
X47283708,135.0,HUALLPOCA GORE,-74.95588,-14.632,683.0,47283708,0.0,1.2,0.0,0.0
X4728247E,136.0,LETRAYOC GORE,-75.71889,-13.63972,776.0,,,,,
X47255188,137.0,OCUCAJE,-75.68206,-14.37839,324.0,,,,,
X4725B27A,138.0,PAUCARAY,-73.63833,-14.04361,3106.0,4725B27A,0.2,1.5,0.0,0.0
X4720E5C6,139.0,SAN JUAN DE MARCONA,-75.15036,-15.34721,5.0,,,,,
X113061,140.0,SAN PEDRO DE HUACARPANA GORE,-75.64806,-13.04889,3630.0,,,,,
X4729131E,141.0,SANTIAGO DE CHOCORVOS GORE,-75.25,-13.83333,3240.0,,,,,
X47E26242,142.0,BOLLADERO,-72.00886,-16.58989,994.0,47E26242,0.0,0.0,0.0,0.0
X4723D752,143.0,CHIVAY,-71.60169,-15.64163,3644.0,4723D752,1.3,3.9,0.0,0.0
X47E8A60E,144.0,COTACOTA,-71.38955,-15.21331,4240.0,,,,,
X47280292,145.0,COTAHUASI,-72.89331,-15.21134,2683.0,47280292,3.9,5.8,0.0,0.0
X47E3903C,146.0,CRUCERO ALTO,-70.911,-15.76448,4511.0,47E3903C,2.2,5.1,0.0,0.0
X4729E39A,147.0,EMA PAMPA DE MAJES,-72.15266,-16.33565,1498.0,,,,,
X47E3A5A6,148.0,HUANCA,-71.88108,-16.03458,3065.0,,,,,
X47E3834A,149.0,IMATA,-71.09062,-15.84266,4475.0,47E3834A,0.0,305.5,0.0,0.0
X472A8172,150.0,LA ANGOSTURA,-71.65124,-15.18255,4258.0,472A8172,2.8,6.9,0.0,0.0
X472D23BE,151.0,OCO?A,-73.1145,-16.427,23.0,472D23BE,0.0,0.0,0.0,0.0
X47E360B8,152.0,PATAHUASI,-71.41481,-16.05542,4035.0,47E360B8,0.5,3.9,0.0,0.0
X47E373CE,153.0,PILLONES,-71.21333,-15.97861,4455.0,,,,,
X47E3B6D0,154.0,SAN JOSE DE UZUNA,-71.32836,-16.58103,3269.0,47E3B6D0,1.9,4.5,0.0,0.0
X47E27134,155.0,SOCOSANI,-71.72056,-16.25944,2325.0,47E27134,0.2,1.6,0.0,0.0
X472ED434,156.0,SUMBAY,-71.11667,-15.81667,4403.0,472ED434,1.0,2.9,0.0,0.0
X472EE1AE,157.0,TINGO GRANDE,-71.57431,-16.45992,2196.0,472EE1AE,2.9,12.0,0.0,0.0
X114119,158.0,VISCA VISCA,-71.9787,-14.7228,4247.0,114119,1.7,3.9,0.0,0.0
X47E2B42A,159.0,BOCATOMA EL AYRO,-69.62672,-17.57994,4258.0,47E2B42A,2.8,5.0,0.0,0.0
X47E2C2BA,160.0,CANDARAVE,-70.25519,-17.26708,3476.0,47E2C2BA,1.2,4.5,0.0,0.0
X47E143A0,161.0,CAPLINA,-69.91656,-17.69071,3561.0,47E143A0,0.7,1.9,0.0,0.0
X47E13530,162.0,CERRO BLANCO,-70.15224,-17.96844,885.0,47E13530,0.0,0.1,0.0,0.0
X47E195C8,163.0,CHALLATA,-70.09888,-17.8151,1482.0,47E195C8,0.0,0.4,0.0,0.0
X47E292C6,164.0,CHUAPALCA,-69.66186,-17.30847,4204.0,47E292C6,1.7,4.2,0.0,0.0
X47E1654C,165.0,CORACHAY II,-70.28831,-17.11413,4146.0,47E1654C,3.0,6.0,0.0,0.0
X47E1A052,166.0,CORUCA,-70.45456,-17.63312,834.0,47E1A052,0.0,0.1,0.0,0.0
X47E12646,167.0,LAGUNA ARICOTA,-70.30828,-17.37072,2788.0,,,,,
X47E100AA,168.0,LAGUNA VILACOTA,-70.03132,-17.16475,4448.0,,,,,
X4720F6B0,169.0,MATARANI,-72.10577,-17.00136,55.0,,,,,
X4723F1BE,170.0,MOQUEGUA,-70.93167,-17.16917,1450.0,,,,,
X47E150D6,171.0,PUENTE TALAPALCA,-70.17213,-17.47491,2177.0,47E150D6,0.1,1.6,0.0,0.0
X47E186BE,172.0,PUENTE VIEJO,-70.76097,-17.61756,574.0,47E186BE,0.0,0.0,0.0,0.0
X47E1B324,173.0,REPRESA JARUMAS,-69.94863,-17.3692,4548.0,47E1B324,0.0,8.5,0.0,0.0
X47E113DC,174.0,REPRESA PAUCARANI,-69.76485,-17.53886,4587.0,47E113DC,2.8,6.3,0.0,0.0
X47E1763A,175.0,SALIDA TUNEL KOVIRE,-70.00949,-17.23771,4356.0,47E1763A,1.8,3.9,0.0,0.0
X47E2D1CC,176.0,TARATA,-70.03641,-17.4791,3042.0,47E2D1CC,1.7,3.5,0.0,0.0
X47E2A75C,177.0,VILACOTA,-70.04305,-17.0788,4465.0,,,,,
X4727547C,178.0,CABALLOCOCHA,-70.51206,-3.91125,107.0,,,,,
X47287402,179.0,CONTAMANA,-75.00632,-7.35254,185.0,,,,,
X47252718,180.0,ENAPU PERU,-73.23694,-3.72722,126.0,47252718,0.3,2.5,0.0,0.0
X47288486,181.0,PEBAS,-71.85756,-3.31453,106.0,,,,,
X4724E0FC,182.0,REQUENA,-73.83612,-5.04308,109.0,4724E0FC,0.6,5.1,0.0,0.0
X47271776,183.0,SANTA CLOTILDE,-73.67925,-2.48757,150.0,47271776,0.6,6.6,0.0,0.0
X472DC04C,184.0,CAMPANILLA,-76.65311,-7.48434,290.0,,,,,
X4723013A,185.0,EL PORVENIR,-76.31834,-6.58923,225.0,,,,,
X212600,186.0,HUAYABAMBA,-76.73694,-7.26861,280.0,212600,0.3,4.0,0.0,0.0
X4724851A,187.0,NARANJILLO,-77.39328,-5.80997,882.0,,,,,
X47E2E456,188.0,TOCACHE,-76.50556,-8.18111,446.0,47E2E456,1.5,6.7,0.0,0.0
X47E845FC,189.0,CACHICOTO,-76.35028,-9.18361,1109.0,47E845FC,5.5,28.6,0.0,0.0
X47E86310,190.0,CALLERIA,-74.49886,-7.89825,165.0,47E86310,4.0,17.6,0.0,0.0
X472D0552,191.0,CHINCHAVITO,-75.9425,-9.515,744.0,472D0552,3.0,9.4,0.0,0.0
X472DA5AA,192.0,PUENTE BELLA,-76.02778,-9.32,663.0,472DA5AA,4.3,17.9,0.0,0.0
X47E87066,193.0,PUERTO ESPERANZA,-70.75028,-9.75028,275.0,47E87066,3.4,19.2,0.0,0.0
X4727A4F8,194.0,PUERTO INCA,-74.96083,-9.38139,253.0,4727A4F8,1.1,7.4,0.0,0.0
X472D1624,195.0,PUENTE PEREZ,-75.9825,-9.34694,644.0,472D1624,4.7,32.1,0.0,0.0
X47E8568A,196.0,SANTA ANA,-75.5597,-8.4984,230.0,47E8568A,0.6,13.5,0.0,0.0
X472B730C,197.0,TARUCA,-76.15111,-9.84694,408.0,472B730C,0.7,3.5,0.0,0.0
X47270400,198.0,TINGO MARIA,-76.00207,-9.29601,646.0,47270400,2.7,13.2,0.0,0.0
X472722EC,199.0,HUANCAVELICA,-75.01237,-12.77163,3715.0,,,,,
X472DF5D6,200.0,HUAYTAPALLANA,-75.06167,-11.92667,4684.0,472DF5D6,9.0,15.2,0.0,0.0
X472AD10E,201.0,INIA CANAAN,-74.19889,-13.16678,2780.0,,,,,
X4725D79C,202.0,OXAPAMPA,-75.38417,-10.59417,1850.0,4725D79C,1.3,4.4,0.0,0.0
X4729D600,203.0,PAMPA CANGALLO,-74.19889,-13.56184,3315.0,4729D600,2.9,4.7,0.0,0.0
X47257764,204.0,TARMA,-75.69028,-11.39694,3200.0,47257764,1.8,4.0,0.0,0.0
X47263360,205.0,ABANCAY (G. SAN ANTONIO),-72.85694,-13.60492,2795.0,47263360,2.5,4.9,0.0,0.0
X4722A338,206.0,ACJANACO,-71.61941,-13.19672,3466.0,4722A338,1.5,9.7,0.0,0.0
X472B059C,207.0,ANTABAMBA,-72.85628,-14.38483,3845.0,,,,,
X472976F8,208.0,CALCA,-72.95524,-13.33333,2924.0,472976F8,1.2,3.5,0.0,0.0
X472A1410,209.0,CASACCANCHA,-72.29832,-13.98923,4050.0,472A1410,3.0,5.8,0.0,0.0
X472B16EA,210.0,HUACULLO,-72.57275,-14.65289,4672.0,,,,,
X4727C11E,211.0,HUAYLLABAMBA,-72.44881,-13.26581,3020.0,4727C11E,1.3,4.8,0.0,0.0
X472935F2,212.0,INTIHUATANA H,-72.56342,-13.17408,1778.0,472935F2,3.1,7.5,0.0,0.0
X472852EE,213.0,INTIHUATANA M,-72.5605,-13.22431,1780.0,472852EE,1.6,3.7,0.0,0.0
X472587E0,214.0,I?APARI,-69.578,-10.95589,244.0,,,,,
X472897F0,215.0,MACHUPICCHU,-72.54585,-13.16655,2548.0,472897F0,3.6,305.5,0.0,0.0
X47E8336C,216.0,MALINOWSKY,-69.5175,-12.93411,215.0,47E8336C,1.1,10.4,0.0,0.0
X4722B04E,217.0,MARCAPATA,-70.89653,-13.50411,1758.0,4722B04E,1.7,4.5,0.0,0.0
X472A6280,218.0,NUEVO PISAC,-71.84111,-13.4275,2971.0,,,,,
X4729950A,219.0,PACAYMAYO,-72.49847,-13.23425,3606.0,,,,,
X472AF7E2,220.0,PUNANQUI,-72.10047,-13.95139,2701.0,,,,,
X4729867C,221.0,QORIHUAYRACHINA,-72.43383,-13.22419,1580.0,,,,,
X4729B3E6,222.0,QUILLABAMBA,-72.69172,-12.85644,1011.0,4729B3E6,5.0,21.2,0.0,0.0
X114118,223.0,SALCCA,-71.23186,-14.16994,3913.0,114118,0.7,3.7,0.0,0.0
X4729658E,224.0,SAN PABLO,-72.61992,-13.02506,1237.0,4729658E,2.6,6.9,0.0,0.0
X472AE494,225.0,SANTA ROSA CHAPIMARCA,-73.17481,-13.99183,2263.0,,,,,
X4727D268,226.0,SANTA TERESA,-72.5925,-13.13194,1520.0,4727D268,1.4,4.8,0.0,0.0
X4729A090,227.0,SANTO TOMAS,-72.1,-14.45,3658.0,4729A090,1.0,3.2,0.0,0.0
X4726158C,228.0,SICUANI,-71.23669,-14.23736,3568.0,,,,,
X47294362,229.0,SORAYPAMPA,-72.57419,-13.39471,3865.0,47294362,2.8,8.1,0.0,0.0
X4727B78E,230.0,AYAVIRI,-70.59314,-14.87183,3928.0,4727B78E,1.2,3.6,0.0,0.0
X472E4156,231.0,ILLPA,-70.08333,-15.68333,3827.0,472E4156,1.0,2.9,0.0,0.0
X472CF72C,232.0,JULIACA,-70.17122,-15.47106,3826.0,472CF72C,1.0,6.2,0.0,0.0
X472E8448,233.0,LAGUNILLAS,-70.6775,-15.74562,4177.0,472E8448,1.1,5.3,0.0,0.0
X472CB426,234.0,LARAQUERI,-70.04589,-16.13592,3928.0,472CB426,3.6,11.1,0.0,0.0
X472E37C6,235.0,PALCA,-70.59315,-15.23587,4073.0,472E37C6,1.1,4.2,0.0,0.0
X472DE6A0,236.0,PAMPAHUTA,-70.67578,-15.48528,4400.0,472DE6A0,0.0,0.2,0.0,0.0
X47251282,237.0,PUENTE CARRETERA,-69.87381,-15.25544,3812.0,47251282,2.6,6.4,0.0,0.0
X472DD33A,238.0,PUNO,-70.01208,-15.82625,3812.0,472DD33A,2.0,4.2,0.0,0.0
X117059,239.0,ANCOAQUE,-69.93917,-17.19972,4422.0,117059,1.6,3.9,0.0,0.0
X47A00F5E,240.0,ANTIOQUIA,-76.52889,-12.06611,1415.0,,,,,
X47A03AC4,241.0,AUTISHA,-76.60639,-11.73361,2147.0,,,,,
X4720BB68,242.0,AYAHUITUNA,-73.77419,-15.02262,3316.0,,,,,
X4721AAE4,243.0,AYMANA,-70.66759,-13.87279,4178.0,4721AAE4,1.4,4.2,0.0,0.0
X472C57D4,244.0,BAGUA,-78.53397,-5.66142,400.0,472C57D4,0.3,2.9,0.0,0.0
X47A04C54,245.0,BOCATOMA ATARJEA,-76.96417,-12.02528,270.0,,,,,
X109096,246.0,BUENA VISTA,-78.20828,-9.43372,204.0,109096,0.4,0.5,0.0,0.0
X47E1C5B4,247.0,CANAD,-78.99733333,-6.649344444,1213.0,47E1C5B4,0.9,3.4,0.0,0.0
X4AD07658,248.0,CADASBAMBA,-77.58103,-8.62384,2898.0,,,,,
X112181,249.0,CAMPO DE MARTE,-77.0432,-12.07057,122.0,,,,,
X47A09A3C,250.0,CANAL CASHAMPA,-76.46167,-11.23,4551.0,,,,,
X113249,251.0,CANETE,-76.33042,-13.07475,115.0,,,,,
X4720F862,252.0,CAROCURAHUAYTE COHIDRO,-74.05389,-5.11214,101.0,,,,,
X4AD03552,253.0,CASMA,-78.30137,-9.47982,45.0,,,,,
X114122,254.0,CCONTACC,-74.2642,-14.5423,3711.0,114122,3.3,17.4,0.0,0.0
X111288,255.0,CHACAPALCA,-75.7557,-11.7328,3752.0,111288,3.0,6.3,0.0,0.0
X4AD013BE,256.0,CHACAS,-77.36577,-9.16249,3362.0,,,,,
X472147C4,257.0,CHARCANI PSI,-71.49511,-16.31086,2646.0,,,,,
X105130,258.0,CHICHILAPAS,-79.30992,-5.27948,2138.0,,,,,
X472A9204,259.0,CHILCA,-72.34056,-13.2235,2774.0,,,,,
X4AD02624,260.0,CHIQUIAN,-77.15679,-10.14431,3368.0,,,,,
X4720CDF8,261.0,COCHAMARCA,-75.51019,-12.99,3951.0,,,,,
X251107,262.0,CONTAMANA COHIDRO,-75.005,-7.35456,121.0,,,,,
X4728F216,263.0,CORDOVA GORE,-75.16667,-14.03333,3181.0,4728F216,74.5,94.8,0.0,0.0
X4AD050B4,264.0,CORONGO,-77.91019,-8.50942,3821.0,,,,,
X47214916,265.0,ENAPU COHIDRO,-73.23936,-3.731,85.0,,,,,
X221403,266.0,ESTRELLA COHIDRO,-76.77333,-4.81939,129.0,,,,,
X4728B11C,267.0,FONAGRO GORE,-76.13361,-13.46278,60.0,,,,,
X47292684,268.0,HUACHOS GORE,-75.53333,-13.21667,2818.0,,,,,
X213503,269.0,HUAMANI EL TAMBO GORE,-75.58928,-13.84358,863.0,,,,,
X210003,270.0,HUANCASAYA,-69.21467,-15.14308,4325.0,,,,,
X4AD0A030,271.0,HUARMEY,-78.16653,-10.0836,6.0,,,,,
X47A0A5A6,272.0,HUASCACOCHA,-76.37972,-11.11333,4483.0,,,,,
X472E112A,273.0,ILAVE,-69.62592,-16.08825,3868.0,,,,,
X114128,274.0,ISCAHUACA,-73.27164,-14.52014,4260.0,,,,,
X251108,275.0,JUANCITO COHIDRO,-74.86064,-6.04431,118.0,,,,,
X107131,276.0,LA FORTUNA,-78.40242,-7.67042,3343.0,107131,8.9,17.9,0.0,0.0
X114123,277.0,MARCA CUNKA,-72.06289,-14.52328,4079.0,114123,2.7,5.7,0.0,0.0
X472A71F6,278.0,MARISCAL CASTILLA COHIDRO,-73.44319,-4.44806,93.0,,,,,
X4AD0D6A0,279.0,NEPEDA,-78.35981,-9.17358,140.0,,,,,
X221311,280.0,NUEVA ALEGRIA COHIDRO,-77.51061,-4.44161,164.0,,,,,
X230604,281.0,NUEVA REFORMA COHIDRO,-76.15958,-5.85172,131.0,,,,,
X111290,282.0,NANA,-76.84194,-11.98744,585.0,111290,0.0,0.3,0.0,0.0
X4AD000C8,283.0,OCROS,-77.39676,-10.40312,3234.0,,,,,
X114127,284.0,PAMPA GALERAS,-74.40361,-14.66917,3954.0,114127,3.8,30.4,0.0,0.0
X472B90FE,285.0,PARIACANCHA,-76.48,-11.39139,3954.0,,,,,
X4AD0C5D6,286.0,PASTO RURI,-77.17339,-9.8986,4901.0,,,,,
X47E880E2,287.0,PICHARI,-73.83952,-12.52219,570.0,47E880E2,4.2,24.0,0.0,0.0
X4AD0B346,288.0,POMABAMBA,-77.46052,-8.82002,2952.0,,,,,
X112264,289.0,PONGO DE MAINIQUE,-72.82447,-12.24986,475.0,112264,8.2,22.9,0.0,0.0
X109094,290.0,PUCA PUCA,-76.5909,-9.87895,3600.0,,,,,
X472B8388,291.0,PUCALLPA COHIDRO,-74.51953,-8.36225,145.0,,,,,
X47A05F22,292.0,PUENTE CUPICHE,-76.60972,-11.91417,1131.0,,,,,
X250900,293.0,PUENTE PAMPAS,-73.82737,-13.43493,1947.0,,,,,
X152501,294.0,PUERTO ALEGRIA COHIDRO,-70.05389,-4.11492,66.0,,,,,
X109093,295.0,PUERTO BERMUDEZ,-74.94356,-10.28619,267.0,109093,3.7,21.2,0.0,0.0
X4AD086DC,296.0,PURHUAY,-77.20234,-9.31543,3463.0,,,,,
X4AD0F04C,297.0,QUILLCAYHUANCA ,-77.44643,-9.47683,3908.0,,,,,
X212604,298.0,RIO BLANCO,-76.25961,-11.73447,3497.0,212604,1.9,3.5,0.0,0.0
X47E8201A,299.0,SALVACION,-71.36446,-12.8312,528.0,47E8201A,7.7,23.1,0.0,0.0
X112270,300.0,SAN BORJA,-77.00777,-12.10863,129.0,,,,,
X230605,301.0,SAN LUIS COHIDRO,-75.62756,-5.07975,116.0,,,,,
X4720EB14,302.0,SAN MARTIN,-76.76482,-9.40385,3528.0,4720EB14,1.8,4.1,0.0,0.0
X4AD0652E,303.0,SAN NICOLAS,-77.18475,-8.98039,2784.0,,,,,
X112271,304.0,SANTA ANITA,-76.91861,-12.02611,361.0,,,,,
X230606,305.0,SANTA ISABEL COHIDRO,-76.12297,-5.76669,127.0,,,,,
X4725C4EA,306.0,SATIPO,-74.70028,-11.23361,1515.0,4725C4EA,2.5,9.4,0.0,0.0
X109091,307.0,SAUCEPAMPA,-77.75173,-9.04586,2958.0,109091,3.6,8.3,0.0,0.0
X47A0894A,308.0,SEGUE,-76.47639,-11.03444,4589.0,,,,,
X230607,309.0,SELVA ALEGRE COHIDRO,-75.98094,-5.61622,126.0,,,,,
X4AD095AA,310.0,SHANCAYAN,-77.52524,-9.51681,3069.0,,,,,
X110138,311.0,SHAQUEK,-77.52504,-10.07116,2947.0,110138,2.1,4.0,0.0,0.0
X472C14DE,312.0,SHEQUE SEDAPAL,-76.5075,-11.65333,3473.0,,,,,
X4AD043C2,313.0,SHILLA,-77.62427,-9.23142,3041.0,,,,,
X47E8B578,314.0,SIBINACOCHA,-71.01823,-13.92214,4869.0,47E8B578,1.8,4.7,0.0,0.0
X47E9040C,315.0,TAMBORAQUE,-76.30986,-11.78486,2930.0,,,,,
X113246,316.0,TANCAYLLO,-73.68839,-13.63369,3324.0,,,,,
X107130,317.0,TICAPAMPA,-77.90148,-7.9123,2898.0,,,,,
X4AD0E33A,318.0,TINGUA,-77.70762,-9.18553,2601.0,,,,,
X4721B992,319.0,UPINA,-70.08281,-13.88492,3873.0,4721B992,4.9,8.6,0.0,0.0
X472BA564,320.0,YASO,-76.77167,-11.57833,2518.0,,,,,
X47A06AB8,321.0,YURACMAYO LAGUNA,-76.15306,-11.83833,4319.0,,,,,
X110137,322.0,12 DE OCTUBRE,-76.52927,-10.60641,3867.0,110137,2.2,4.6,0.0,0.0
X110139,,,,,,110139,1.4,3.6,0.0,0.0
X111286,,,,,,111286,7.2,10.2,0.0,0.0
X111287,,,,,,111287,0.0,0.0,0.0,0.0
X112233,,,,,,112233,0.2,2.5,0.0,0.0
X112265,,,,,,112265,0.0,23.8,0.0,0.0
X112266,,,,,,112266,0.2,7.9,0.0,0.0
X112267,,,,,,112267,2.0,3.3,0.0,0.0
X112268,,,,,,112268,2.9,5.1,0.0,0.0
X113248,,,,,,113248,1.2,4.7,0.0,0.0
X114121,,,,,,114121,2.4,4.7,0.0,0.0
X114124,,,,,,114124,1.1,3.2,0.0,0.0
X114126,,,,,,114126,2.0,5.4,0.0,0.0
X115150,,,,,,115150,1.2,3.6,0.0,0.0
X210006,,,,,,210006,1.8,12.5,0.0,0.0
X210007,,,,,,210007,2.9,6.8,0.0,0.0
X211001,,,,,,211001,1.3,11.2,0.0,0.0
X212605,,,,,,212605,0.4,2.1,0.0,0.0
X214800,,,,,,214800,2.1,3.4,0.0,0.0
X4.722e+35,,,,,,4.722e+35,2.8,4.2,0.0,0.0
X4.725e+209,,,,,,4.725e+209,0.5,4.1,0.0,0.0
X4.728e+163,,,,,,4.728e+163,3.3,10.5,0.0,0.0
X472182DA,,,,,,472182DA,0.0,20.4,0.0,0.0
X472191AC,,,,,,472191AC,0.0,0.1,0.0,0.0
X47256412,,,,,,47256412,1.3,3.5,0.0,0.0
X472587.0,,,,,,472587.0,0.6,8.1,0.0,0.0
X472761000000.0,,,,,,472761000000.0,3.2,8.1,0.0,0.0
X4728110000.0,,,,,,4728110000.0,0.4,9.2,0.0,0.0
